OSD,pv,2
0,9.9779e+10
1,2.17937e+11
2,1.73002e+11
3,1.01179e+11
4,1.32694e+11
5,7.05437e+10
6,1.18671e+11
7,1.87514e+11
8,8.46225e+10
9,1.18722e+11
10,1.8623e+11
11,9.0545e+10
12,1.24144e+11
13,5.26618e+10
14,4.10695e+10
15,1.11605e+11
16,1.38744e+11
17,2.11352e+11
18,1.09299e+11
19,1.12202e+11
20,7.37684e+10
21,1.4501e+11
22,1.51893e+11
23,1.44586e+11
24,1.69619e+11
25,1.18181e+11
26,6.85213e+10
27,9.7352e+10
28,1.79869e+11
29,2.07072e+11
30,7.74561e+10
31,8.00604e+10
32,6.38677e+10
33,1.62905e+11
34,1.50086e+11
35,1.00829e+11
36,1.30218e+11
37,2.08847e+11
38,1.2718e+11
39,1.81728e+11
40,1.07979e+11
41,2.03573e+11
42,1.37118e+11
43,2.15896e+10
44,8.19455e+10
45,7.41536e+10
46,1.25206e+11
47,1.17123e+11
48,2.53382e+11
49,8.40469e+10
50,1.35432e+11
51,7.77094e+10
52,6.07563e+10
53,1.44727e+11
54,1.10182e+11
55,1.46343e+11
56,8.15395e+10
57,8.21213e+10
58,1.16515e+11
59,1.14956e+11
60,1.76101e+11
61,5.92714e+10
62,1.90696e+11
63,1.50311e+11
64,1.28597e+11
65,2.29947e+11
66,1.06911e+11
67,8.72161e+10
68,9.07384e+10
69,1.45595e+11
70,2.00874e+11
71,2.48441e+11
72,5.26324e+10
73,9.61089e+10
74,3.05544e+10
75,1.26836e+11
76,2.21679e+10
77,1.12719e+11
78,1.37624e+11
79,7.86517e+10
80,7.38784e+10
81,1.9854e+10
82,2.78242e+11
83,1.65904e+11
84,5.9232e+10
85,1.12877e+11
86,1.18235e+11
87,1.28785e+11
88,1.75528e+11
89,1.36285e+11
90,1.62146e+11
91,1.49032e+11
92,1.67733e+11
93,7.61133e+10
94,1.93141e+11
95,5.72634e+10
96,1.62089e+11
97,1.86711e+11
98,1.29054e+11
99,8.84559e+10
100,9.26147e+10
101,4.86434e+10
102,1.04933e+11
103,1.77542e+11
104,1.09642e+11
105,2.30838e+11
106,1.6061e+11
107,9.40775e+10
108,2.58356e+11
109,1.72616e+11
110,1.5161e+11
111,2.32452e+11
112,1.73831e+11
113,2.00474e+11
114,1.92554e+11
115,5.58931e+10
116,1.55071e+11
117,7.70035e+10
118,1.94683e+11
119,7.45603e+10
120,2.51195e+11
121,1.60328e+11
122,1.04287e+11
123,8.35065e+10
124,7.16481e+10
125,1.52158e+11
126,1.36746e+11
127,9.92508e+10
total OSD: 128 hot OSD: 128
